<?xml version="1.0"?>
<Route ID="1P31Uv">
  <Name>DarkViperAU's Route</Name>
  <StartPosition X="2057" Y="3937" Z="34.147"/>
  <StartHeading>120</StartHeading>
  <Locations>
    <Location>
	  <Position X="1477" Y="3925" Z="31"/>
	  <PositionError X="20" Y="10" Z="3"/>
	  <CameraDirection>26</CameraDirection>
	  <CameraError>60</CameraError>
	  <PicturePath>dvau_pics\location_0.png</PicturePath>
	  <PictureRadius>200</PictureRadius>
	  <Messages>
	    <Message Text="" Time="15000" Distance="3000"/>
	    <Message Text="Hey chat" Time="10000" Distance="3000"/>
	    <Message Text="Help Matto find&#10;the blue marker" Time="10000" Distance="3000"/>
	    <Message Text="Good luck!" Time="10000" Distance="3000"/>
	    <Message Text="You have to stand&#10;exactly here" Time="10000" Distance="200"/>
	    <Message Text="Camera angle&#10;matters" Time="10000" Distance="200"/>
	  </Messages>
	</Location>
	<Location>
	  <Position X="2356.02" Y="3061.95" Z="48.573"/>
	  <PositionError X="1.5" Y="1.5" Z="0.5"/>
	  <CameraDirection>180</CameraDirection>
	  <CameraError>60</CameraError>
	  <PicturePath>dvau_pics\location_1.png</PicturePath>
	  <PictureRadius>200</PictureRadius>
	</Location>
	<Location>
	  <Position X="919.5" Y="2460.3" Z="81.36"/>
	  <PositionError X="1" Y="1" Z="0.5"/>
	  <CameraDirection>151</CameraDirection>
	  <CameraError>60</CameraError>
	  <PicturePath>dvau_pics\location_2.png</PicturePath>
	  <PictureRadius>200</PictureRadius>
	</Location>
	<Location>
	  <Position X="1384" Y="1147" Z="115.917"/>
	  <PositionError X="2" Y="2" Z="0.4"/>
	  <CameraDirection>260</CameraDirection>
	  <CameraError>30</CameraError>
	  <PicturePath>dvau_pics\location_3.png</PicturePath>
	  <PictureRadius>200</PictureRadius>
	</Location>
	<Location>
	  <Position X="-442" Y="1059" Z="327.682"/>
	  <PositionError X="5" Y="5" Z="1"/>
	  <CameraDirection>0</CameraDirection>
	  <CameraError>50</CameraError>
	  <PicturePath>dvau_pics\location_4.png</PicturePath>
	  <PictureRadius>200</PictureRadius>
	  <Messages>
	    <Message Text="Daveyyyy!" Time="5000" Distance="200"/>
	  </Messages>
	</Location>
	<Location>
	  <Position X="-650.394" Y="661.474" Z="154"/>
	  <PositionError X="3" Y="3" Z="0.5"/>
	  <CameraDirection>34</CameraDirection>
	  <CameraError>80</CameraError>
	  <PicturePath>dvau_pics\location_5.png</PicturePath>
	  <PictureRadius>80</PictureRadius>
	  <Messages>
	    <Message Text="" Time="180000" Distance="50"/>
		<Message Text="This is possible!" Time="10000" Distance="50"/>
		<Message Text="" Time="60000" Distance="50"/>
		<Message Text="Hint #1:&#10;go to the roof" Time="10000" Distance="50"/>
		<Message Text="" Time="60000" Distance="50"/>
		<Message Text="Hint #2:&#10;get on the fence" Time="10000" Distance="50"/>
	  </Messages>
	</Location>
	<Location>
	  <Position X="-10.7" Y="-38.6" Z="67.31"/>
	  <PositionError X="5" Y="5" Z="0.5"/>
	  <CameraDirection>154</CameraDirection>
	  <CameraError>60</CameraError>
	  <PicturePath>dvau_pics\location_6.png</PicturePath>
	  <PictureRadius>200</PictureRadius>
	</Location>
	<Location>
	  <Position X="22" Y="-864" Z="30"/>
	  <PositionError X="3" Y="3" Z="1"/>
	  <CameraDirection>73</CameraDirection>
	  <CameraError>40</CameraError>
	  <PicturePath>dvau_pics\location_7.png</PicturePath>
	  <PictureRadius>200</PictureRadius>
	</Location>
	<Location>
	  <Position X="31.2" Y="-1916" Z="21.62"/>
	  <PositionError X="2" Y="2" Z="1"/>
	  <CameraDirection>280</CameraDirection>
	  <CameraError>60</CameraError>
	  <PicturePath>dvau_pics\location_8.png</PicturePath>
	  <PictureRadius>200</PictureRadius>
	</Location>
	<Location>
	  <Position X="-1031" Y="-2726" Z="18.8"/>
	  <PositionError X="10" Y="10" Z="0.5"/>
	  <CameraDirection>140</CameraDirection>
	  <CameraError>40</CameraError>
	  <PicturePath>dvau_pics\location_9.png</PicturePath>
	  <PictureRadius>200</PictureRadius>
	  <Messages>
		<Message Text="" Time="60000" Distance="100"/>
		<Message Text="Hint: Facts and&#10;glitches #42" Time="10000" Distance="50"/>
	  </Messages>
	</Location>
	<Location>
	  <Position X="501" Y="5603" Z="797"/>
	  <PositionError X="4" Y="4" Z="1"/>
	  <CameraDirection>170</CameraDirection>
	  <CameraError>40</CameraError>
	  <PicturePath>dvau_pics\location_10.png</PicturePath>
	  <PictureRadius>200</PictureRadius>
	  <Messages>
	    <Message Text="tabel" Time="5000" Distance="4000"/>
	  </Messages>
	</Location>
	<Location>
	  <Position X="-18" Y="5586" Z="403"/>
	  <PositionError X="20" Y="20" Z="1"/>
	  <CameraDirection>0</CameraDirection>
	  <CameraError>360</CameraError>
	  <PicturePath>dvau_pics\location_11.png</PicturePath>
	  <PictureRadius>700</PictureRadius>
	  <Time>0</Time>
	</Location>
	<Location>
	  <Position X="-320.8" Y="6287.3" Z="39"/>
	  <PositionError X="1" Y="1" Z="1"/>
	  <CameraDirection>220</CameraDirection>
	  <CameraError>40</CameraError>
	  <PicturePath>dvau_pics\location_12.png</PicturePath>
	  <PictureRadius>200</PictureRadius>
	</Location>
	<Location>
	  <Position X="54" Y="7230" Z="3"/>
	  <PositionError X="20" Y="25" Z="3"/>
	  <CameraDirection>180</CameraDirection>
	  <CameraError>40</CameraError>
	  <PicturePath>dvau_pics\location_13.png</PicturePath>
	  <PictureRadius>200</PictureRadius>
	</Location>
  </Locations>
</Route>	